Id,Title,Author,IsArchived,IsReserved,ClientId
1,Harry Potter and the Deathly Hallows,Rowling, J.K.,False,True,1
2,Harry Potter and the Philosopher's Stone,Rowling, J.K.,False,True,1
3,Da Vinci Code,The,Brown, Dan,False,True,2
4,Fifty Shades Darker,James, E. L.,False,True,2
5,Twilight,Meyer, Stephenie,False,False,
6,Girl with the Dragon Tattoo,The:Millennium Trilogy,Larsson, Stieg,False,True,1
7,Fifty Shades Freed,James, E. L,False,True,2
8,Lost Symbol,The,Brown, Dan,False,False,
9,New Moon,Meyer, Stephenie,False,False,
10,Atonement,McEwan, Ian,True,False,
11,AAAAAAAAAAAAAAAAAAA,AAAAAAA,False,False,
